source,metric_path,metric,value
experiments\20260519_163902_synthetic_forensics\summary.json,additive[1].standalone_auc,standalone_auc,1.0
experiments\20260519_163902_synthetic_forensics\summary.json,additive[0].standalone_auc,standalone_auc,1.0
experiments\20260519_143756_phase3_specialists\summary.json,specialists[1].specialist_auc,specialist_auc,0.9616705412786596
experiments\20260519_143756_phase3_specialists\summary.json,specialists[1].base_auc,base_auc,0.9616379480592012
experiments\20260519_143756_phase3_specialists\summary.json,specialists[0].specialist_auc,specialist_auc,0.9601746958291411
experiments\20260519_143756_phase3_specialists\summary.json,specialists[0].base_auc,base_auc,0.9587732789240913
experiments\20260519_163902_synthetic_forensics\summary.json,additive[1].best_blend_auc,best_blend_auc,0.9538463957251039
experiments\20260519_163902_synthetic_forensics\summary.json,additive[0].best_blend_auc,best_blend_auc,0.9538463957251039
experiments\20260519_143756_phase3_specialists\summary.json,specialists[4].specialist_auc,specialist_auc,0.9516874113176009
experiments\20260519_143756_phase3_specialists\summary.json,specialists[4].base_auc,base_auc,0.9509604520032202
experiments\20260519_161041_phase6_rank_fusion\summary.json,top[0].oof_auc,oof_auc,0.9492069211414627
experiments\20260519_161041_phase6_rank_fusion\summary.json,top[1].oof_auc,oof_auc,0.9491971418533101
experiments\20260519_161041_phase6_rank_fusion\summary.json,top[2].oof_auc,oof_auc,0.9491940875592157
experiments\20260519_153956_phase6_lambdarank\summary.json,best_blends[0].oof_auc,oof_auc,0.9491874172711174
experiments\20260519_161041_phase6_rank_fusion\summary.json,top[3].oof_auc,oof_auc,0.9491874172711174
experiments\20260519_161041_phase6_rank_fusion\summary.json,top[4].oof_auc,oof_auc,0.9491836104813346
experiments\20260519_153956_phase6_lambdarank\summary.json,best_blends[1].oof_auc,oof_auc,0.9491793682724526
experiments\20260519_161041_phase6_rank_fusion\summary.json,top[5].oof_auc,oof_auc,0.9491793682724526
experiments\20260519_161041_phase6_rank_fusion\summary.json,top[6].oof_auc,oof_auc,0.949176135187634
experiments\20260519_161041_phase6_rank_fusion\summary.json,top[7].oof_auc,oof_auc,0.9491713022422266
experiments\20260519_153956_phase6_lambdarank\summary.json,best_blends[2].oof_auc,oof_auc,0.9491713022422266
experiments\20260519_161041_phase6_rank_fusion\summary.json,top[8].oof_auc,oof_auc,0.9491687806602275
experiments\20260519_161041_phase6_rank_fusion\summary.json,top[9].oof_auc,oof_auc,0.9491681284506652
experiments\20260519_161041_phase6_rank_fusion\summary.json,top[10].oof_auc,oof_auc,0.9491679529458773
experiments\20260519_153956_phase6_lambdarank\summary.json,best_blends[3].oof_auc,oof_auc,0.9491679529458773
experiments\20260519_153956_phase6_lambdarank\summary.json,best_blends[4].oof_auc,oof_auc,0.9491672759291224
experiments\20260519_161041_phase6_rank_fusion\summary.json,top[11].oof_auc,oof_auc,0.9491672759291224
experiments\20260519_161041_phase6_rank_fusion\summary.json,top[12].oof_auc,oof_auc,0.949165279251053
experiments\20260519_161041_phase6_rank_fusion\summary.json,top[13].oof_auc,oof_auc,0.9491648116232709
experiments\20260519_161041_phase6_rank_fusion\summary.json,top[14].oof_auc,oof_auc,0.9491642955685957
experiments\20260519_161041_phase6_rank_fusion\summary.json,top[15].oof_auc,oof_auc,0.9491613145085875
experiments\20260519_160100_phase6_xgbrank\summary.json,best_blends[0].oof_auc,oof_auc,0.9491597384954376
experiments\20260519_161041_phase6_rank_fusion\summary.json,top[16].oof_auc,oof_auc,0.9491597384954376
experiments\20260519_161041_phase6_rank_fusion\summary.json,top[17].oof_auc,oof_auc,0.949158393164779
experiments\20260519_161041_phase6_rank_fusion\summary.json,top[18].oof_auc,oof_auc,0.9491579986246801
experiments\20260519_160100_phase6_xgbrank\summary.json,best_blends[1].oof_auc,oof_auc,0.9491579986246801
experiments\20260519_161041_phase6_rank_fusion\summary.json,top[19].oof_auc,oof_auc,0.949154950284312
experiments\20260519_161041_phase6_rank_fusion\summary.json,top[20].oof_auc,oof_auc,0.9491539496678956
experiments\20260519_161041_phase6_rank_fusion\summary.json,top[21].oof_auc,oof_auc,0.9491537924797626
experiments\20260519_161041_phase6_rank_fusion\summary.json,top[22].oof_auc,oof_auc,0.9491526660868129
experiments\20260519_161041_phase6_rank_fusion\summary.json,top[23].oof_auc,oof_auc,0.9491506419337611
experiments\20260519_153956_phase6_lambdarank\summary.json,best_blends[5].oof_auc,oof_auc,0.9491506419337611
experiments\20260519_153956_phase6_lambdarank\summary.json,best_blends[6].oof_auc,oof_auc,0.9491504649324081
experiments\20260519_161041_phase6_rank_fusion\summary.json,top[24].oof_auc,oof_auc,0.9491504649324081
experiments\20260519_161041_phase6_rank_fusion\summary.json,top[25].oof_auc,oof_auc,0.9491486834506347
experiments\20260519_161041_phase6_rank_fusion\summary.json,top[26].oof_auc,oof_auc,0.9491473275138845
experiments\20260519_161041_phase6_rank_fusion\summary.json,top[27].oof_auc,oof_auc,0.9491469029611493
experiments\20260519_161041_phase6_rank_fusion\summary.json,top[28].oof_auc,oof_auc,0.9491422340034857
experiments\20260519_161041_phase6_rank_fusion\summary.json,top[29].oof_auc,oof_auc,0.9491373738921688
experiments\20260519_160100_phase6_xgbrank\summary.json,best_blends[2].oof_auc,oof_auc,0.949137094620114
experiments\20260519_161041_phase6_rank_fusion\summary.json,top[30].oof_auc,oof_auc,0.949137094620114
experiments\20260519_161041_phase6_rank_fusion\summary.json,top[31].oof_auc,oof_auc,0.949136820830042
experiments\20260519_161041_phase6_rank_fusion\summary.json,top[32].oof_auc,oof_auc,0.9491357608878346
experiments\20260519_153956_phase6_lambdarank\summary.json,best_blends[7].oof_auc,oof_auc,0.9491357608878346
experiments\20260519_150920_phase45_hard_calibrated_ensemble_summary.json,hill_recipe[0].auc,auc,0.9491353202470248
experiments\20260519_152759_validation_reset\summary.json,phase45_oof_auc,phase45_oof_auc,0.9491353202470248
experiments\20260519_150920_phase45_hard_calibrated_ensemble_summary.json,hill_auc,hill_auc,0.9491353202470248
experiments\20260519_150804_phase45_hard\summary.json,final_auc,final_auc,0.9491353202470248
experiments\20260519_150804_phase45_hard\summary.json,selected[5].sequential_auc,sequential_auc,0.9491353202470248
experiments\20260519_150920_phase45_hard_calibrated_ensemble_summary.json,mean_auc,mean_auc,0.9491353202470248
experiments\20260519_150920_phase45_hard_calibrated_ensemble_summary.json,logit_auc,logit_auc,0.9491353202470248
experiments\20260519_150920_phase45_hard_calibrated_ensemble_summary.json,rank_auc,rank_auc,0.9491353202470248
experiments\20260519_161041_phase6_rank_fusion\summary.json,top[33].oof_auc,oof_auc,0.9491334294997349
experiments\20260519_160100_phase6_xgbrank\summary.json,best_blends[3].oof_auc,oof_auc,0.9491334294997349
experiments\20260519_161041_phase6_rank_fusion\summary.json,top[34].oof_auc,oof_auc,0.9491287901642993
experiments\20260519_160100_phase6_xgbrank\summary.json,best_blends[4].oof_auc,oof_auc,0.9491287901642993
experiments\20260519_150804_phase45_hard\summary.json,selected[4].sequential_auc,sequential_auc,0.9491252673965385
experiments\20260519_153956_phase6_lambdarank\summary.json,best_blends[8].oof_auc,oof_auc,0.9491220012083512
experiments\20260519_161041_phase6_rank_fusion\summary.json,top[35].oof_auc,oof_auc,0.9491220012083512
experiments\20260519_160100_phase6_xgbrank\summary.json,best_blends[5].oof_auc,oof_auc,0.9491208352377624
experiments\20260519_161041_phase6_rank_fusion\summary.json,top[36].oof_auc,oof_auc,0.9491208352377624
experiments\20260519_161041_phase6_rank_fusion\summary.json,top[37].oof_auc,oof_auc,0.9491204759970786
experiments\20260519_150804_phase45_hard\summary.json,selected[3].sequential_auc,sequential_auc,0.9491159304246977
experiments\20260519_150804_phase45_hard\summary.json,selected[2].sequential_auc,sequential_auc,0.9491131680909273
experiments\20260519_161041_phase6_rank_fusion\summary.json,top[38].oof_auc,oof_auc,0.9491031140529491
experiments\20260519_161041_phase6_rank_fusion\summary.json,top[39].oof_auc,oof_auc,0.9490990446159973
experiments\20260519_153956_phase6_lambdarank\summary.json,best_blends[9].oof_auc,oof_auc,0.9490990446159973
experiments\20260519_150804_phase45_hard\summary.json,selected[1].sequential_auc,sequential_auc,0.949092804557821
experiments\20260519_160100_phase6_xgbrank\summary.json,best_blends[6].oof_auc,oof_auc,0.9490897218615246
experiments\20260519_153956_phase6_lambdarank\summary.json,best_blends[10].oof_auc,oof_auc,0.9490884409644986
experiments\20260519_153956_phase6_lambdarank\summary.json,best_blends[11].oof_auc,oof_auc,0.9490875241069251
experiments\20260519_153956_phase6_lambdarank\summary.json,best_blends[12].oof_auc,oof_auc,0.9490786479469884
experiments\20260519_153956_phase6_lambdarank\summary.json,best_blends[13].oof_auc,oof_auc,0.9490614026861329
experiments\20260519_153956_phase6_lambdarank\summary.json,best_blends[14].oof_auc,oof_auc,0.9490592428987383
experiments\20260519_150804_phase45_hard\summary.json,selected[0].best_global_auc,best_global_auc,0.9490559171244879
experiments\20260519_150804_phase45_hard\summary.json,selected[0].sequential_auc,sequential_auc,0.9490559171244879
experiments\20260519_153956_phase6_lambdarank\summary.json,best_blends[15].oof_auc,oof_auc,0.9490486750509324
experiments\20260519_153956_phase6_lambdarank\summary.json,best_blends[16].oof_auc,oof_auc,0.949046640421925
experiments\20260519_150804_phase45_hard\summary.json,selected[1].best_global_auc,best_global_auc,0.9490450463686592
experiments\20260519_160100_phase6_xgbrank\summary.json,best_blends[7].oof_auc,oof_auc,0.9490433008369816
experiments\20260519_153956_phase6_lambdarank\summary.json,best_blends[17].oof_auc,oof_auc,0.9490421034547932
experiments\20260519_160100_phase6_xgbrank\summary.json,best_blends[8].oof_auc,oof_auc,0.949038897454549
experiments\20260519_160100_phase6_xgbrank\summary.json,best_blends[9].oof_auc,oof_auc,0.9490362711617963
experiments\20260519_150804_phase45_hard\summary.json,selected[2].best_global_auc,best_global_auc,0.9490323608975527
experiments\20260519_150804_phase45_hard\summary.json,selected[3].best_global_auc,best_global_auc,0.9490322027822002
experiments\20260519_160100_phase6_xgbrank\summary.json,best_blends[10].oof_auc,oof_auc,0.9490297440559339
experiments\20260519_153956_phase6_lambdarank\summary.json,best_blends[18].oof_auc,oof_auc,0.9490261676558359
experiments\20260519_153956_phase6_lambdarank\summary.json,best_blends[19].oof_auc,oof_auc,0.9490257250304509
experiments\20260519_160100_phase6_xgbrank\summary.json,best_blends[11].oof_auc,oof_auc,0.9490117081369807
experiments\20260519_160100_phase6_xgbrank\summary.json,best_blends[12].oof_auc,oof_auc,0.9490046529225872
experiments\20260519_160100_phase6_xgbrank\summary.json,best_blends[13].oof_auc,oof_auc,0.9490043846632993
experiments\20260519_150804_phase45_hard\summary.json,selected[4].best_global_auc,best_global_auc,0.9490042422618797
experiments\20260519_160100_phase6_xgbrank\summary.json,best_blends[14].oof_auc,oof_auc,0.9489988334967965
experiments\20260519_150804_phase45_hard\summary.json,selected[5].best_global_auc,best_global_auc,0.9489950978263882
experiments\20260519_160100_phase6_xgbrank\summary.json,best_blends[15].oof_auc,oof_auc,0.9489899110246778
experiments\20260519_152759_validation_reset\summary.json,phase3_oof_auc,phase3_oof_auc,0.9489829183244097
experiments\20260519_150804_phase45_hard\summary.json,baseline_auc,baseline_auc,0.9489829183244097
experiments\20260519_144202_phase3_specialist_ensemble_ensemble_summary.json,hill_recipe[1].auc,auc,0.9489829183244097
experiments\20260519_144202_phase3_specialist_ensemble_ensemble_summary.json,hill_auc,hill_auc,0.9489829183244097
experiments\20260519_160100_phase6_xgbrank\summary.json,best_blends[16].oof_auc,oof_auc,0.9489745034806545
experiments\20260519_160100_phase6_xgbrank\summary.json,best_blends[17].oof_auc,oof_auc,0.9489348409927478
experiments\20260519_160100_phase6_xgbrank\summary.json,best_blends[18].oof_auc,oof_auc,0.9488717975386887
experiments\20260519_160100_phase6_xgbrank\summary.json,best_blends[19].oof_auc,oof_auc,0.9488192091369774
experiments\20260519_143756_phase3_specialists\summary.json,oof_auc,oof_auc,0.9488073183581878
experiments\20260519_144202_phase3_specialist_ensemble_ensemble_summary.json,hill_recipe[0].auc,auc,0.9488073183581878
experiments\20260520_144726_fast_catboost_diversity_12\summary.json,blend_report[4].oof_auc,oof_auc,0.9483310298566601
experiments\20260520_144726_fast_catboost_diversity_12\summary.json,blend_report[5].oof_auc,oof_auc,0.9482946728580406
experiments\20260520_144726_fast_catboost_diversity_12\summary.json,blend_report[2].oof_auc,oof_auc,0.948232804549165
experiments\20260520_144726_fast_catboost_diversity_12\summary.json,blend_report[3].oof_auc,oof_auc,0.9481963536410876
experiments\20260519_152759_validation_reset\summary.json,best_by_raceyear_p10.global_auc,global_auc,0.9480381030120609
experiments\20260519_141433_phase3_neighborhood_core_ensemble_summary.json,hill_recipe[3].auc,auc,0.9478931905191794
experiments\20260519_141433_phase3_neighborhood_core_ensemble_summary.json,hill_auc,hill_auc,0.9478931905191794
experiments\20260519_141433_phase3_neighborhood_core_ensemble_summary.json,hill_recipe[2].auc,auc,0.9478929542571033
experiments\20260519_141433_phase3_neighborhood_core_ensemble_summary.json,hill_recipe[1].auc,auc,0.9478916809730389
experiments\20260519_170444_phase3_knn_cosine_phase3\summary.json,oof_auc,oof_auc,0.9478880363328275
experiments\20260519_141027_phase3_knn_euclid_phase3\summary.json,oof_auc,oof_auc,0.9478818058721881
experiments\20260519_141433_phase3_neighborhood_core_ensemble_summary.json,hill_recipe[0].auc,auc,0.9478818058721881
experiments\20260519_165532_cat_seed_diversity_probe\summary.json,blend_report[2].oof_auc,oof_auc,0.9475787476399705
experiments\20260519_165532_cat_seed_diversity_probe\summary.json,blend_report[3].oof_auc,oof_auc,0.9475787470543581
experiments\20260519_165532_cat_seed_diversity_probe\summary.json,blend_report[4].oof_auc,oof_auc,0.9475787469242222
experiments\20260520_144726_fast_catboost_diversity_12\summary.json,blend_report[8].oof_auc,oof_auc,0.9474016097579397
experiments\20260520_144726_fast_catboost_diversity_12\summary.json,blend_report[9].oof_auc,oof_auc,0.9473476450531797
experiments\20260520_144726_fast_catboost_diversity_12\summary.json,blend_report[0].oof_auc,oof_auc,0.9473442395380384
experiments\20260520_144726_fast_catboost_diversity_12\summary.json,blend_report[1].oof_auc,oof_auc,0.9472899492490414
experiments\20260520_144726_fast_catboost_diversity_12\summary.json,blend_report[6].oof_auc,oof_auc,0.9472394978121075
experiments\20260520_144726_fast_catboost_diversity_12\summary.json,blend_report[10].oof_auc,oof_auc,0.9472376413231438
experiments\20260520_144726_fast_catboost_diversity_12\summary.json,blend_report[7].oof_auc,oof_auc,0.9471845121734337
experiments\20260520_143243_catboost_diversity_smoke\summary.json,ensemble.blend_report[3].oof_auc,oof_auc,0.9471471761935231
experiments\20260520_143243_catboost_diversity_smoke\summary.json,ensemble.blend_report[4].oof_auc,oof_auc,0.9469850980342737
experiments\20260520_143243_catboost_diversity_smoke\summary.json,ensemble.blend_report[2].oof_auc,oof_auc,0.9469850979692055
experiments\20260519_152759_validation_reset\summary.json,phase2_oof_auc,phase2_oof_auc,0.9468220516624951
experiments\20260518_191305_phase2_cat_table_ensemble_summary.json,hill_auc,hill_auc,0.9468220516624951
experiments\20260518_191305_phase2_cat_table_ensemble_summary.json,hill_recipe[1].auc,auc,0.9468220516624951
experiments\20260519_144202_phase3_specialist_ensemble_ensemble_summary.json,logit_auc,logit_auc,0.9466658741990264
experiments\20260519_164529_synthetic_forensics_oof\summary.json,additive[0].best_blend_auc,best_blend_auc,0.9466245437242864
experiments\20260519_164529_synthetic_forensics_oof\summary.json,additive[1].best_blend_auc,best_blend_auc,0.9466245437242864
experiments\20260519_163902_synthetic_forensics\summary.json,additive[0].base_auc,base_auc,0.9466245316866979
experiments\20260519_164529_synthetic_forensics_oof\summary.json,additive[3].best_blend_auc,best_blend_auc,0.9466245316866979
experiments\20260519_164529_synthetic_forensics_oof\summary.json,additive[0].base_auc,base_auc,0.9466245316866979
experiments\20260519_163902_synthetic_forensics\summary.json,additive[3].best_blend_auc,best_blend_auc,0.9466245316866979
experiments\20260519_163902_synthetic_forensics\summary.json,additive[3].base_auc,base_auc,0.9466245316866979
experiments\20260519_164529_synthetic_forensics_oof\summary.json,additive[2].base_auc,base_auc,0.9466245316866979
experiments\20260519_164529_synthetic_forensics_oof\summary.json,additive[2].best_blend_auc,best_blend_auc,0.9466245316866979
experiments\20260519_164529_synthetic_forensics_oof\summary.json,additive[1].base_auc,base_auc,0.9466245316866979
experiments\20260519_164529_synthetic_forensics_oof\summary.json,additive[3].base_auc,base_auc,0.9466245316866979
experiments\20260518_165505_phase2_cat_fast_stratified\summary.json,oof_auc,oof_auc,0.9466245316866979
experiments\20260518_191305_phase2_cat_table_ensemble_summary.json,hill_recipe[0].auc,auc,0.9466245316866979
experiments\20260519_163902_synthetic_forensics\summary.json,additive[2].best_blend_auc,best_blend_auc,0.9466245316866979
experiments\20260519_163902_synthetic_forensics\summary.json,additive[2].base_auc,base_auc,0.9466245316866979
experiments\20260519_163902_synthetic_forensics\summary.json,additive[1].base_auc,base_auc,0.9466245316866979
experiments\20260519_144202_phase3_specialist_ensemble_ensemble_summary.json,rank_auc,rank_auc,0.9463571330212455
experiments\20260519_144202_phase3_specialist_ensemble_ensemble_summary.json,mean_auc,mean_auc,0.9463131159194069
experiments\20260519_165532_cat_seed_diversity_probe\summary.json,greedy_recipe[0].auc,auc,0.9445066214035975
experiments\20260519_165532_cat_seed_diversity_probe\summary.json,lowcorr_auc,lowcorr_auc,0.9445066214035975
experiments\20260519_165532_cat_seed_diversity_probe\summary.json,blend_report[1].oof_auc,oof_auc,0.9445066214035975
experiments\20260519_165532_cat_seed_diversity_probe\summary.json,blend_report[0].oof_auc,oof_auc,0.9445066214035975
experiments\20260519_165532_cat_seed_diversity_probe\summary.json,best_single.oof_auc,oof_auc,0.9445066214035975
experiments\20260519_165532_cat_seed_diversity_probe\summary.json,greedy_auc,greedy_auc,0.9445066214035975
experiments\20260519_160100_phase6_xgbrank\summary.json,rankers[1].oof_auc,oof_auc,0.9439340838250108
experiments\20260520_144726_fast_catboost_diversity_12\summary.json,greedy_auc,greedy_auc,0.9436474123458458
experiments\20260520_144726_fast_catboost_diversity_12\summary.json,greedy_recipe[1].auc,auc,0.9436474123458458
experiments\20260520_144726_fast_catboost_diversity_12\summary.json,greedy_recipe[0].auc,auc,0.9435108455781873
experiments\20260520_144726_fast_catboost_diversity_12\summary.json,lowcorr_auc,lowcorr_auc,0.9435108455781873
experiments\20260520_144726_fast_catboost_diversity_12\summary.json,best_single.oof_auc,oof_auc,0.9435108455781873
experiments\20260520_144726_fast_catboost_diversity_12\meta_seed01_fs20260537_rs0p5_bt0p5_rsm1p0.json,oof_auc,oof_auc,0.9435108455781873
experiments\20260520_144726_fast_catboost_diversity_12\meta_seed04_fs20260588_rs0p5_bt0p0_rsm0p95.json,oof_auc,oof_auc,0.9434692623791552
experiments\20260519_141433_phase3_neighborhood_core_ensemble_summary.json,logit_auc,logit_auc,0.943392707756749
experiments\20260520_144726_fast_catboost_diversity_12\meta_seed00_fs20260520_rs0p1_bt0p0_rsm1p0.json,oof_auc,oof_auc,0.9433919669895756
experiments\20260520_144726_fast_catboost_diversity_12\meta_seed08_fs20260656_rs1p0_bt0p0_rsm0p9.json,oof_auc,oof_auc,0.943367922573356
experiments\20260520_144726_fast_catboost_diversity_12\meta_seed09_fs20260673_rs0p1_bt0p5_rsm0p9.json,oof_auc,oof_auc,0.9433616270446704
experiments\20260520_144726_fast_catboost_diversity_12\meta_seed10_fs20260690_rs0p5_bt1p0_rsm0p9.json,oof_auc,oof_auc,0.9432582055656663
experiments\20260520_144726_fast_catboost_diversity_12\meta_seed06_fs20260622_rs0p1_bt1p0_rsm0p95.json,oof_auc,oof_auc,0.9432163134398174
experiments\20260520_144726_fast_catboost_diversity_12\meta_seed05_fs20260605_rs1p0_bt0p5_rsm0p95.json,oof_auc,oof_auc,0.9431345856311895
experiments\20260520_144726_fast_catboost_diversity_12\meta_seed02_fs20260554_rs1p0_bt1p0_rsm1p0.json,oof_auc,oof_auc,0.9429900950720543
experiments\20260520_143243_catboost_diversity_smoke\summary.json,models[0].oof_auc,oof_auc,0.9428185863568466
experiments\20260520_143243_catboost_diversity_smoke\meta_seed00_stratified_rs0p1_bt0p0_rsm1p0.json,oof_auc,oof_auc,0.9428185863568466
experiments\20260520_143243_catboost_diversity_smoke\summary.json,ensemble.greedy_recipe[0].auc,auc,0.9428185863568466
experiments\20260520_143243_catboost_diversity_smoke\summary.json,ensemble.lowcorr_auc,lowcorr_auc,0.9428185863568466
experiments\20260520_143243_catboost_diversity_smoke\summary.json,ensemble.best_single.auc,auc,0.9428185863568466
experiments\20260520_143243_catboost_diversity_smoke\summary.json,ensemble.blend_report[0].oof_auc,oof_auc,0.9428185863568466
experiments\20260520_143243_catboost_diversity_smoke\summary.json,ensemble.blend_report[1].oof_auc,oof_auc,0.9428185863568466
experiments\20260520_143243_catboost_diversity_smoke\summary.json,ensemble.greedy_auc,greedy_auc,0.9428185863568466
experiments\20260519_141433_phase3_neighborhood_core_ensemble_summary.json,mean_auc,mean_auc,0.9425834561393234
experiments\20260520_144726_fast_catboost_diversity_12\meta_seed07_fs20260639_rs0p5_bt2p0_rsm0p95.json,oof_auc,oof_auc,0.9425252856475204
experiments\20260520_144726_fast_catboost_diversity_12\meta_seed03_fs20260571_rs0p1_bt2p0_rsm1p0.json,oof_auc,oof_auc,0.9424481926358319
experiments\20260519_141433_phase3_neighborhood_core_ensemble_summary.json,rank_auc,rank_auc,0.9422321234355306
experiments\20260518_191305_phase2_cat_table_ensemble_summary.json,logit_auc,logit_auc,0.9410696122542568
experiments\20260518_191305_phase2_cat_table_ensemble_summary.json,mean_auc,mean_auc,0.9402281885221446
experiments\20260518_162851_phase2_core_ensemble_summary.json,hill_recipe[3].auc,auc,0.940137762774959
experiments\20260518_191326_phase2_plus_tablelog_ensemble_summary.json,hill_auc,hill_auc,0.940137762774959
experiments\20260518_162851_phase2_core_ensemble_summary.json,hill_auc,hill_auc,0.940137762774959
experiments\20260518_191326_phase2_plus_tablelog_ensemble_summary.json,hill_recipe[3].auc,auc,0.940137762774959
experiments\20260518_162851_phase2_core_ensemble_summary.json,hill_recipe[2].auc,auc,0.9401339634842684
experiments\20260518_191326_phase2_plus_tablelog_ensemble_summary.json,hill_recipe[2].auc,auc,0.9401339634842684
experiments\20260518_162851_phase2_core_ensemble_summary.json,hill_recipe[1].auc,auc,0.9399915103195327
experiments\20260518_191326_phase2_plus_tablelog_ensemble_summary.json,hill_recipe[1].auc,auc,0.9399915103195327
experiments\20260518_191305_phase2_cat_table_ensemble_summary.json,rank_auc,rank_auc,0.9399717664131644
experiments\20260518_162337_phase2_table_stratified_hgb\summary.json,oof_auc,oof_auc,0.9395405620643671
experiments\20260518_162851_phase2_core_ensemble_summary.json,hill_recipe[0].auc,auc,0.9395405620643671
experiments\20260518_191326_phase2_plus_tablelog_ensemble_summary.json,hill_recipe[0].auc,auc,0.9395405620643671
experiments\20260519_153956_phase6_lambdarank\summary.json,rankers[2].oof_auc,oof_auc,0.9394783443888839
experiments\20260519_143756_phase3_specialists\summary.json,specialists[6].specialist_auc,specialist_auc,0.93722062757685
experiments\20260518_191326_phase2_plus_tablelog_ensemble_summary.json,logit_auc,logit_auc,0.9369537805490095
experiments\20260518_191326_phase2_plus_tablelog_ensemble_summary.json,rank_auc,rank_auc,0.9362280776044201
experiments\20260518_191326_phase2_plus_tablelog_ensemble_summary.json,mean_auc,mean_auc,0.9360139839513404
experiments\20260518_162851_phase2_core_ensemble_summary.json,logit_auc,logit_auc,0.9347774235114485
experiments\20260518_174444_phase2_table_stratified_logistic\summary.json,oof_auc,oof_auc,0.9340963786865563
experiments\20260518_162851_phase2_core_ensemble_summary.json,rank_auc,rank_auc,0.9332733022728001
experiments\20260518_162851_phase2_core_ensemble_summary.json,mean_auc,mean_auc,0.9330144032673016
experiments\20260519_160100_phase6_xgbrank\summary.json,rankers[0].oof_auc,oof_auc,0.9309783257475881
experiments\20260519_143756_phase3_specialists\summary.json,specialists[3].specialist_auc,specialist_auc,0.9292996135891511
experiments\20260519_153956_phase6_lambdarank\summary.json,rankers[1].oof_auc,oof_auc,0.9291507844191181
experiments\20260519_143756_phase3_specialists\summary.json,specialists[3].base_auc,base_auc,0.9281626802858635
experiments\20260519_143756_phase3_specialists\summary.json,specialists[6].base_auc,base_auc,0.9277855476436018
experiments\20260519_143756_phase3_specialists\summary.json,specialists[5].specialist_auc,specialist_auc,0.9269828765305653
experiments\20260519_143756_phase3_specialists\summary.json,specialists[7].specialist_auc,specialist_auc,0.9266550552949875
experiments\20260519_143756_phase3_specialists\summary.json,specialists[7].base_auc,base_auc,0.9257211124380362
experiments\20260519_143756_phase3_specialists\summary.json,specialists[5].base_auc,base_auc,0.9257087224126634
experiments\20260519_153956_phase6_lambdarank\summary.json,rankers[0].oof_auc,oof_auc,0.9243909415627458
experiments\20260519_152759_validation_reset\summary.json,best_by_raceyear_p10.Year_macro_auc,Year_macro_auc,0.9242769991941571
experiments\20260518_155711_lgbm_logistic_ensemble_summary.json,rank_auc,rank_auc,0.9203140247135531
experiments\20260518_155711_lgbm_logistic_ensemble_summary.json,logit_auc,logit_auc,0.9200439188269655
experiments\20260518_155711_lgbm_logistic_ensemble_summary.json,hill_auc,hill_auc,0.9186841482023516
experiments\20260518_155711_lgbm_logistic_ensemble_summary.json,hill_recipe[2].auc,auc,0.9186841482023516
experiments\20260518_155711_lgbm_logistic_ensemble_summary.json,mean_auc,mean_auc,0.9185343836828581
experiments\20260518_155711_lgbm_logistic_ensemble_summary.json,hill_recipe[1].auc,auc,0.9185343836828581
experiments\20260518_191817_phase2_table_racecv_race_hgb\summary.json,oof_auc,oof_auc,0.9155942709800001
experiments\20260519_152759_validation_reset\summary.json,best_by_raceyear_p10.Year_p10_auc,Year_p10_auc,0.9144751932941031
experiments\20260520_143243_catboost_diversity_smoke\meta_seed00_stratified_rs0p1_bt0p0_rsm1p0.json,subgroup.Year_macro_auc,Year_macro_auc,0.9131479185091599
experiments\20260520_143243_catboost_diversity_smoke\summary.json,models[0].subgroup.Year_macro_auc,Year_macro_auc,0.9131479185091599
experiments\20260518_155711_lgbm_logistic_ensemble_summary.json,hill_recipe[0].auc,auc,0.9124294405737313
experiments\20260518_154412_s0_stratified\summary.json,models.logistic.oof_auc,oof_auc,0.9124294405737313
experiments\20260519_143756_phase3_specialists\summary.json,specialists[2].specialist_auc,specialist_auc,0.9102553898823194
experiments\20260519_143756_phase3_specialists\summary.json,specialists[2].base_auc,base_auc,0.9098744474559124
experiments\20260520_143243_catboost_diversity_smoke\meta_seed00_stratified_rs0p1_bt0p0_rsm1p0.json,subgroup.Compound_macro_auc,Compound_macro_auc,0.9084632627299708
experiments\20260520_143243_catboost_diversity_smoke\summary.json,models[0].subgroup.Compound_macro_auc,Compound_macro_auc,0.9084632627299708
experiments\20260519_152759_validation_reset\summary.json,best_by_raceyear_p10.RaceYear_macro_auc,RaceYear_macro_auc,0.9080771730989864
experiments\20260520_143243_catboost_diversity_smoke\summary.json,models[0].subgroup.Year_p10_auc,Year_p10_auc,0.9066725414380815
experiments\20260520_143243_catboost_diversity_smoke\meta_seed00_stratified_rs0p1_bt0p0_rsm1p0.json,subgroup.Year_p10_auc,Year_p10_auc,0.9066725414380815
experiments\20260518_153652_s0_lgbm_ensemble_summary.json,hill_auc,hill_auc,0.9065722349577094
experiments\20260518_153652_s0_lgbm_ensemble_summary.json,logit_auc,logit_auc,0.9065722349577094
experiments\20260518_153652_s0_lgbm_ensemble_summary.json,mean_auc,mean_auc,0.9065722349577094
experiments\20260518_153652_s0_lgbm_ensemble_summary.json,rank_auc,rank_auc,0.9065722349577094
experiments\20260518_145635_s0_stratified\summary.json,models.lgbm.oof_auc,oof_auc,0.9065722349577094
experiments\20260518_153652_s0_lgbm_ensemble_summary.json,hill_recipe[0].auc,auc,0.9065722349577094
experiments\20260519_150804_phase45_hard\summary.json,selected[5].best_local_blend_auc,best_local_blend_auc,0.9048198338236921
experiments\20260520_143243_catboost_diversity_smoke\meta_seed00_stratified_rs0p1_bt0p0_rsm1p0.json,subgroup.Stint_macro_auc,Stint_macro_auc,0.9046846970871126
experiments\20260520_143243_catboost_diversity_smoke\summary.json,models[0].subgroup.Stint_macro_auc,Stint_macro_auc,0.9046846970871126
experiments\20260519_150804_phase45_hard\summary.json,selected[5].base_local_auc,base_local_auc,0.9040503785449636
experiments\20260519_163902_synthetic_forensics\summary.json,top_interactions[0].auc,auc,0.8983073239227907
experiments\20260519_164529_synthetic_forensics_oof\summary.json,top_interactions[0].auc,auc,0.8983073239227907
experiments\20260519_164529_synthetic_forensics_oof\summary.json,additive[3].standalone_auc,standalone_auc,0.8973997318924963
experiments\20260520_143243_catboost_diversity_smoke\summary.json,models[0].subgroup.RaceYear_macro_auc,RaceYear_macro_auc,0.8968659468906599
experiments\20260520_143243_catboost_diversity_smoke\meta_seed00_stratified_rs0p1_bt0p0_rsm1p0.json,subgroup.RaceYear_macro_auc,RaceYear_macro_auc,0.8968659468906599
experiments\20260519_150804_phase45_hard\summary.json,selected[5].spec_local_auc,spec_local_auc,0.8929158049718726
experiments\20260519_164529_synthetic_forensics_oof\summary.json,top_interactions[1].auc,auc,0.8911710520192155
experiments\20260519_163902_synthetic_forensics\summary.json,top_interactions[1].auc,auc,0.8911710520192155
experiments\20260519_164529_synthetic_forensics_oof\summary.json,top_interactions[2].auc,auc,0.8782660268793623
experiments\20260519_163902_synthetic_forensics\summary.json,top_interactions[2].auc,auc,0.8782660268793623
experiments\20260519_163902_synthetic_forensics\summary.json,additive[2].standalone_auc,standalone_auc,0.8774728373254379
experiments\20260519_164529_synthetic_forensics_oof\summary.json,additive[2].standalone_auc,standalone_auc,0.8769814145982155
experiments\20260520_143243_catboost_diversity_smoke\summary.json,models[0].subgroup.Stint_p10_auc,Stint_p10_auc,0.8766275751276089
experiments\20260520_143243_catboost_diversity_smoke\meta_seed00_stratified_rs0p1_bt0p0_rsm1p0.json,subgroup.Stint_p10_auc,Stint_p10_auc,0.8766275751276089
experiments\20260519_163902_synthetic_forensics\summary.json,top_interactions[3].auc,auc,0.8744164813223781
experiments\20260519_164529_synthetic_forensics_oof\summary.json,top_interactions[3].auc,auc,0.8744164813223781
experiments\20260519_152759_validation_reset\summary.json,best_by_raceyear_p10.YearStint_macro_auc,YearStint_macro_auc,0.8743874261338078
experiments\20260519_164529_synthetic_forensics_oof\summary.json,top_interactions[4].auc,auc,0.8741438863715478
experiments\20260519_163902_synthetic_forensics\summary.json,top_interactions[4].auc,auc,0.8741438863715478
experiments\20260519_164529_synthetic_forensics_oof\summary.json,top_interactions[5].auc,auc,0.8726941958387401
experiments\20260519_163902_synthetic_forensics\summary.json,top_interactions[5].auc,auc,0.8726941958387401
experiments\20260519_164529_synthetic_forensics_oof\summary.json,top_pairs[0].joint_auc,joint_auc,0.8712294495360349
experiments\20260519_163902_synthetic_forensics\summary.json,top_pairs[0].joint_auc,joint_auc,0.8712294495360349
experiments\20260520_143243_catboost_diversity_smoke\summary.json,models[0].subgroup.Compound_p10_auc,Compound_p10_auc,0.8662042630275613
experiments\20260520_143243_catboost_diversity_smoke\meta_seed00_stratified_rs0p1_bt0p0_rsm1p0.json,subgroup.Compound_p10_auc,Compound_p10_auc,0.8662042630275613
experiments\20260519_164529_synthetic_forensics_oof\summary.json,top_pairs[1].joint_auc,joint_auc,0.8653849495296798
experiments\20260519_163902_synthetic_forensics\summary.json,top_pairs[1].joint_auc,joint_auc,0.8653849495296798
experiments\20260520_143243_catboost_diversity_smoke\summary.json,models[0].subgroup.YearStint_macro_auc,YearStint_macro_auc,0.8605530620942158
experiments\20260520_143243_catboost_diversity_smoke\meta_seed00_stratified_rs0p1_bt0p0_rsm1p0.json,subgroup.YearStint_macro_auc,YearStint_macro_auc,0.8605530620942158
experiments\20260519_164529_synthetic_forensics_oof\summary.json,top_pairs[2].joint_auc,joint_auc,0.8596279799051195
experiments\20260519_163902_synthetic_forensics\summary.json,top_pairs[2].joint_auc,joint_auc,0.8596279799051195
experiments\20260519_152759_validation_reset\summary.json,best_by_raceyear_p10.RaceYear_p10_auc,RaceYear_p10_auc,0.854941603232863
experiments\20260519_163902_synthetic_forensics\summary.json,top_pairs[3].joint_auc,joint_auc,0.853532762191536
experiments\20260519_164529_synthetic_forensics_oof\summary.json,top_pairs[3].joint_auc,joint_auc,0.853532762191536
experiments\20260519_163902_synthetic_forensics\summary.json,top_pairs[4].joint_auc,joint_auc,0.8506405964565092
experiments\20260519_164529_synthetic_forensics_oof\summary.json,top_pairs[4].joint_auc,joint_auc,0.8506405964565092
experiments\20260519_164529_synthetic_forensics_oof\summary.json,top_pairs[5].joint_auc,joint_auc,0.8484834606337004
experiments\20260519_163902_synthetic_forensics\summary.json,top_pairs[5].joint_auc,joint_auc,0.8484834606337004
experiments\20260519_164529_synthetic_forensics_oof\summary.json,top_pairs[6].joint_auc,joint_auc,0.8477707314767307
experiments\20260519_163902_synthetic_forensics\summary.json,top_pairs[6].joint_auc,joint_auc,0.8477707314767307
experiments\20260519_152759_validation_reset\summary.json,best_by_raceyear_p10.RaceYearStint_macro_auc,RaceYearStint_macro_auc,0.845083571697632
experiments\20260519_164529_synthetic_forensics_oof\summary.json,top_pairs[7].joint_auc,joint_auc,0.841475271844569
experiments\20260519_163902_synthetic_forensics\summary.json,top_pairs[7].joint_auc,joint_auc,0.841475271844569
experiments\20260519_164529_synthetic_forensics_oof\summary.json,top_pairs[8].joint_auc,joint_auc,0.8410276975628094
experiments\20260519_163902_synthetic_forensics\summary.json,top_pairs[8].joint_auc,joint_auc,0.8410276975628094
experiments\20260520_143243_catboost_diversity_smoke\summary.json,models[0].subgroup.RaceYear_p10_auc,RaceYear_p10_auc,0.8405731643933213
experiments\20260520_143243_catboost_diversity_smoke\meta_seed00_stratified_rs0p1_bt0p0_rsm1p0.json,subgroup.RaceYear_p10_auc,RaceYear_p10_auc,0.8405731643933213
experiments\20260519_164529_synthetic_forensics_oof\summary.json,top_pairs[9].joint_auc,joint_auc,0.8401827620594362
experiments\20260519_163902_synthetic_forensics\summary.json,top_pairs[9].joint_auc,joint_auc,0.8401827620594362
experiments\20260519_163902_synthetic_forensics\summary.json,top_pairs[10].joint_auc,joint_auc,0.8391157691109254
experiments\20260519_164529_synthetic_forensics_oof\summary.json,top_pairs[10].joint_auc,joint_auc,0.8391157691109254
experiments\20260519_164529_synthetic_forensics_oof\summary.json,top_pairs[12].joint_auc,joint_auc,0.8384476320783867
experiments\20260519_164529_synthetic_forensics_oof\summary.json,top_pairs[11].joint_auc,joint_auc,0.8384476320783867
experiments\20260519_163902_synthetic_forensics\summary.json,top_pairs[12].joint_auc,joint_auc,0.8384476320783867
experiments\20260519_163902_synthetic_forensics\summary.json,top_pairs[11].joint_auc,joint_auc,0.8384476320783867
experiments\20260519_164529_synthetic_forensics_oof\summary.json,top_pairs[13].joint_auc,joint_auc,0.8355191835873813
experiments\20260519_163902_synthetic_forensics\summary.json,top_pairs[13].joint_auc,joint_auc,0.8355191835873813
experiments\20260519_163902_synthetic_forensics\summary.json,top_pairs[15].joint_auc,joint_auc,0.834829218974427
experiments\20260519_163902_synthetic_forensics\summary.json,top_pairs[14].joint_auc,joint_auc,0.834829218974427
experiments\20260519_164529_synthetic_forensics_oof\summary.json,top_pairs[15].joint_auc,joint_auc,0.834829218974427
experiments\20260519_164529_synthetic_forensics_oof\summary.json,top_pairs[14].joint_auc,joint_auc,0.834829218974427
experiments\20260519_164529_synthetic_forensics_oof\summary.json,top_pairs[16].joint_auc,joint_auc,0.8331138975773836
experiments\20260519_163902_synthetic_forensics\summary.json,top_pairs[16].joint_auc,joint_auc,0.8331138975773836
experiments\20260519_163902_synthetic_forensics\summary.json,top_pairs[17].joint_auc,joint_auc,0.8320706252502267
experiments\20260519_164529_synthetic_forensics_oof\summary.json,top_pairs[17].joint_auc,joint_auc,0.8320706252502267
experiments\20260519_163902_synthetic_forensics\summary.json,top_pairs[18].joint_auc,joint_auc,0.8317054607715555
experiments\20260519_164529_synthetic_forensics_oof\summary.json,top_pairs[18].joint_auc,joint_auc,0.8317054607715555
experiments\20260519_164529_synthetic_forensics_oof\summary.json,top_pairs[19].joint_auc,joint_auc,0.8315409937365877
experiments\20260519_163902_synthetic_forensics\summary.json,top_pairs[19].joint_auc,joint_auc,0.8315409937365877
experiments\20260519_150804_phase45_hard\summary.json,selected[2].best_local_blend_auc,best_local_blend_auc,0.8310710364951367
experiments\20260519_150804_phase45_hard\summary.json,selected[2].spec_local_auc,spec_local_auc,0.8307547398890103
experiments\20260519_150804_phase45_hard\summary.json,selected[2].base_local_auc,base_local_auc,0.8307308335684783
experiments\20260520_143243_catboost_diversity_smoke\summary.json,models[0].subgroup.RaceYearStint_macro_auc,RaceYearStint_macro_auc,0.8277389457850738
experiments\20260520_143243_catboost_diversity_smoke\meta_seed00_stratified_rs0p1_bt0p0_rsm1p0.json,subgroup.RaceYearStint_macro_auc,RaceYearStint_macro_auc,0.8277389457850738
experiments\20260519_150804_phase45_hard\summary.json,selected[0].best_local_blend_auc,best_local_blend_auc,0.8263155482317434
experiments\20260519_150804_phase45_hard\summary.json,selected[0].spec_local_auc,spec_local_auc,0.8256164797975998
experiments\20260519_150804_phase45_hard\summary.json,selected[0].base_local_auc,base_local_auc,0.825006477540121
experiments\20260519_152759_validation_reset\summary.json,best_by_raceyear_p10.YearStint_p10_auc,YearStint_p10_auc,0.8183778871894115
experiments\20260519_164529_synthetic_forensics_oof\summary.json,top_interactions[6].auc,auc,0.8121745330016108
experiments\20260519_163902_synthetic_forensics\summary.json,top_interactions[6].auc,auc,0.8121745330016108
experiments\20260519_150804_phase45_hard\summary.json,selected[4].best_local_blend_auc,best_local_blend_auc,0.8095125225644274
experiments\20260520_143243_catboost_diversity_smoke\summary.json,models[0].subgroup.YearStint_p10_auc,YearStint_p10_auc,0.8093194230026142
experiments\20260520_143243_catboost_diversity_smoke\meta_seed00_stratified_rs0p1_bt0p0_rsm1p0.json,subgroup.YearStint_p10_auc,YearStint_p10_auc,0.8093194230026142
experiments\20260519_150804_phase45_hard\summary.json,selected[4].base_local_auc,base_local_auc,0.8090156206414616
experiments\20260519_150804_phase45_hard\summary.json,selected[4].spec_local_auc,spec_local_auc,0.8082724532886874
experiments\20260519_150804_phase45_hard\summary.json,selected[1].best_local_blend_auc,best_local_blend_auc,0.7927500433621346
experiments\20260519_150804_phase45_hard\summary.json,selected[1].spec_local_auc,spec_local_auc,0.7922387579809165
experiments\20260519_150804_phase45_hard\summary.json,selected[1].base_local_auc,base_local_auc,0.7919810559757842
experiments\20260519_152759_validation_reset\summary.json,best_by_raceyear_p10.SyntheticBucket_macro_auc,SyntheticBucket_macro_auc,0.781101066941152
experiments\20260519_150804_phase45_hard\summary.json,selected[3].best_local_blend_auc,best_local_blend_auc,0.7779546755208457
experiments\20260519_150804_phase45_hard\summary.json,selected[3].spec_local_auc,spec_local_auc,0.7775651608067414
experiments\20260519_150804_phase45_hard\summary.json,selected[3].base_local_auc,base_local_auc,0.7773547287091137
experiments\20260519_164529_synthetic_forensics_oof\summary.json,top_interactions[7].auc,auc,0.7668606316204727
experiments\20260519_163902_synthetic_forensics\summary.json,top_interactions[7].auc,auc,0.7668606316204727
experiments\20260519_163902_synthetic_forensics\summary.json,top_interactions[8].auc,auc,0.764379049601019
experiments\20260519_164529_synthetic_forensics_oof\summary.json,top_interactions[8].auc,auc,0.764379049601019
experiments\20260519_152759_validation_reset\summary.json,best_by_raceyear_p10.RaceYearStint_p10_auc,RaceYearStint_p10_auc,0.7567359942004181
experiments\20260519_164529_synthetic_forensics_oof\summary.json,top_interactions[9].auc,auc,0.7426863286164468
experiments\20260519_163902_synthetic_forensics\summary.json,top_interactions[9].auc,auc,0.7426863286164468
experiments\20260520_143243_catboost_diversity_smoke\summary.json,models[0].subgroup.RaceYearStint_p10_auc,RaceYearStint_p10_auc,0.7350065307097475
experiments\20260520_143243_catboost_diversity_smoke\meta_seed00_stratified_rs0p1_bt0p0_rsm1p0.json,subgroup.RaceYearStint_p10_auc,RaceYearStint_p10_auc,0.7350065307097475
experiments\20260519_164529_synthetic_forensics_oof\summary.json,top_interactions[10].auc,auc,0.7326597183813918
experiments\20260519_163902_synthetic_forensics\summary.json,top_interactions[10].auc,auc,0.7326597183813918
experiments\20260519_164529_synthetic_forensics_oof\summary.json,top_interactions[11].auc,auc,0.7148159810586895
experiments\20260519_163902_synthetic_forensics\summary.json,top_interactions[11].auc,auc,0.7148159810586895
experiments\20260519_152759_validation_reset\summary.json,best_by_raceyear_p10.SyntheticBucket_p10_auc,SyntheticBucket_p10_auc,0.6512433112999686
experiments\20260519_163902_synthetic_forensics\summary.json,additive[3].standalone_auc,standalone_auc,0.6318821643178705
experiments\20260519_160100_phase6_xgbrank\summary.json,top_inversion_regions[29].base_auc,base_auc,0.5366193260930103
experiments\20260519_153956_phase6_lambdarank\summary.json,top_inversion_regions[29].base_auc,base_auc,0.5366193260930103
experiments\20260519_160100_phase6_xgbrank\summary.json,top_inversion_regions[28].base_auc,base_auc,0.5338827838827838
experiments\20260519_153956_phase6_lambdarank\summary.json,top_inversion_regions[28].base_auc,base_auc,0.5338827838827838
experiments\20260519_160100_phase6_xgbrank\summary.json,top_inversion_regions[27].base_auc,base_auc,0.5313531353135313
experiments\20260519_153956_phase6_lambdarank\summary.json,top_inversion_regions[27].base_auc,base_auc,0.5313531353135313
experiments\20260519_153956_phase6_lambdarank\summary.json,top_inversion_regions[26].base_auc,base_auc,0.5044444444444445
experiments\20260519_160100_phase6_xgbrank\summary.json,top_inversion_regions[26].base_auc,base_auc,0.5044444444444445
experiments\20260519_164529_synthetic_forensics_oof\summary.json,additive[1].standalone_auc,standalone_auc,0.49999428520362776
experiments\20260519_164529_synthetic_forensics_oof\summary.json,additive[0].standalone_auc,standalone_auc,0.49999428520362776
experiments\20260519_153956_phase6_lambdarank\summary.json,top_inversion_regions[25].base_auc,base_auc,0.48615384615384616
experiments\20260519_160100_phase6_xgbrank\summary.json,top_inversion_regions[25].base_auc,base_auc,0.48615384615384616
experiments\20260519_160100_phase6_xgbrank\summary.json,top_inversion_regions[24].base_auc,base_auc,0.48395721925133695
experiments\20260519_153956_phase6_lambdarank\summary.json,top_inversion_regions[24].base_auc,base_auc,0.48395721925133695
experiments\20260519_153956_phase6_lambdarank\summary.json,top_inversion_regions[22].base_auc,base_auc,0.4789029535864979
experiments\20260519_160100_phase6_xgbrank\summary.json,top_inversion_regions[22].base_auc,base_auc,0.4789029535864979
experiments\20260519_160100_phase6_xgbrank\summary.json,top_inversion_regions[23].base_auc,base_auc,0.46945898778359507
experiments\20260519_153956_phase6_lambdarank\summary.json,top_inversion_regions[23].base_auc,base_auc,0.46945898778359507
experiments\20260519_153956_phase6_lambdarank\summary.json,top_inversion_regions[21].base_auc,base_auc,0.44239631336405527
experiments\20260519_160100_phase6_xgbrank\summary.json,top_inversion_regions[21].base_auc,base_auc,0.44239631336405527
experiments\20260519_160100_phase6_xgbrank\summary.json,top_inversion_regions[19].base_auc,base_auc,0.4393063583815029
experiments\20260519_153956_phase6_lambdarank\summary.json,top_inversion_regions[19].base_auc,base_auc,0.4393063583815029
experiments\20260519_153956_phase6_lambdarank\summary.json,top_inversion_regions[20].base_auc,base_auc,0.42625368731563423
experiments\20260519_160100_phase6_xgbrank\summary.json,top_inversion_regions[20].base_auc,base_auc,0.42625368731563423
experiments\20260519_153956_phase6_lambdarank\summary.json,top_inversion_regions[17].base_auc,base_auc,0.4196372732958099
experiments\20260519_160100_phase6_xgbrank\summary.json,top_inversion_regions[17].base_auc,base_auc,0.4196372732958099
experiments\20260519_160100_phase6_xgbrank\summary.json,top_inversion_regions[16].base_auc,base_auc,0.4185185185185185
experiments\20260519_153956_phase6_lambdarank\summary.json,top_inversion_regions[16].base_auc,base_auc,0.4185185185185185
experiments\20260519_153956_phase6_lambdarank\summary.json,top_inversion_regions[18].base_auc,base_auc,0.41515650741350907
experiments\20260519_160100_phase6_xgbrank\summary.json,top_inversion_regions[18].base_auc,base_auc,0.41515650741350907
experiments\20260519_160100_phase6_xgbrank\summary.json,top_inversion_regions[14].base_auc,base_auc,0.36809815950920244
experiments\20260519_153956_phase6_lambdarank\summary.json,top_inversion_regions[14].base_auc,base_auc,0.36809815950920244
experiments\20260519_160100_phase6_xgbrank\summary.json,top_inversion_regions[15].base_auc,base_auc,0.3602941176470589
experiments\20260519_153956_phase6_lambdarank\summary.json,top_inversion_regions[15].base_auc,base_auc,0.3602941176470589
experiments\20260519_160100_phase6_xgbrank\summary.json,top_inversion_regions[12].base_auc,base_auc,0.3492063492063492
experiments\20260519_153956_phase6_lambdarank\summary.json,top_inversion_regions[12].base_auc,base_auc,0.3492063492063492
experiments\20260519_160100_phase6_xgbrank\summary.json,top_inversion_regions[13].base_auc,base_auc,0.31818181818181823
experiments\20260519_153956_phase6_lambdarank\summary.json,top_inversion_regions[13].base_auc,base_auc,0.31818181818181823
experiments\20260519_153956_phase6_lambdarank\summary.json,top_inversion_regions[11].base_auc,base_auc,0.30000000000000004
experiments\20260519_160100_phase6_xgbrank\summary.json,top_inversion_regions[11].base_auc,base_auc,0.30000000000000004
experiments\20260519_153956_phase6_lambdarank\summary.json,top_inversion_regions[10].base_auc,base_auc,0.2531328320802005
experiments\20260519_160100_phase6_xgbrank\summary.json,top_inversion_regions[10].base_auc,base_auc,0.2531328320802005
experiments\20260519_160100_phase6_xgbrank\summary.json,top_inversion_regions[7].base_auc,base_auc,0.23015873015873017
experiments\20260519_153956_phase6_lambdarank\summary.json,top_inversion_regions[7].base_auc,base_auc,0.23015873015873017
experiments\20260519_160100_phase6_xgbrank\summary.json,top_inversion_regions[9].base_auc,base_auc,0.20588235294117652
experiments\20260519_153956_phase6_lambdarank\summary.json,top_inversion_regions[9].base_auc,base_auc,0.20588235294117652
experiments\20260519_160100_phase6_xgbrank\summary.json,top_inversion_regions[8].base_auc,base_auc,0.20382165605095537
experiments\20260519_153956_phase6_lambdarank\summary.json,top_inversion_regions[8].base_auc,base_auc,0.20382165605095537
experiments\20260519_160100_phase6_xgbrank\summary.json,top_inversion_regions[6].base_auc,base_auc,0.1843575418994413
experiments\20260519_153956_phase6_lambdarank\summary.json,top_inversion_regions[6].base_auc,base_auc,0.1843575418994413
experiments\20260519_153956_phase6_lambdarank\summary.json,top_inversion_regions[5].base_auc,base_auc,0.16874999999999996
experiments\20260519_160100_phase6_xgbrank\summary.json,top_inversion_regions[5].base_auc,base_auc,0.16874999999999996
experiments\20260519_153956_phase6_lambdarank\summary.json,top_inversion_regions[4].base_auc,base_auc,0.1384615384615384
experiments\20260519_160100_phase6_xgbrank\summary.json,top_inversion_regions[4].base_auc,base_auc,0.1384615384615384
experiments\20260520_143243_catboost_diversity_smoke\meta_seed00_stratified_rs0p1_bt0p0_rsm1p0.json,subgroup.RaceYearStint_std_auc,RaceYearStint_std_auc,0.09375627853560901
experiments\20260520_143243_catboost_diversity_smoke\summary.json,models[0].subgroup.RaceYearStint_std_auc,RaceYearStint_std_auc,0.09375627853560901
experiments\20260519_160100_phase6_xgbrank\summary.json,top_inversion_regions[3].base_auc,base_auc,0.09345794392523366
experiments\20260519_153956_phase6_lambdarank\summary.json,top_inversion_regions[3].base_auc,base_auc,0.09345794392523366
experiments\20260520_143243_catboost_diversity_smoke\meta_seed00_stratified_rs0p1_bt0p0_rsm1p0.json,subgroup.YearStint_std_auc,YearStint_std_auc,0.04808339499003031
experiments\20260520_143243_catboost_diversity_smoke\summary.json,models[0].subgroup.YearStint_std_auc,YearStint_std_auc,0.04808339499003031
experiments\20260520_143243_catboost_diversity_smoke\summary.json,models[0].subgroup.RaceYear_std_auc,RaceYear_std_auc,0.041766452951564975
experiments\20260520_143243_catboost_diversity_smoke\meta_seed00_stratified_rs0p1_bt0p0_rsm1p0.json,subgroup.RaceYear_std_auc,RaceYear_std_auc,0.041766452951564975
experiments\20260520_143243_catboost_diversity_smoke\summary.json,models[0].subgroup.Compound_std_auc,Compound_std_auc,0.03974968742494569
experiments\20260520_143243_catboost_diversity_smoke\meta_seed00_stratified_rs0p1_bt0p0_rsm1p0.json,subgroup.Compound_std_auc,Compound_std_auc,0.03974968742494569
experiments\20260519_153956_phase6_lambdarank\summary.json,top_inversion_regions[1].base_auc,base_auc,0.03563474387527843
experiments\20260519_160100_phase6_xgbrank\summary.json,top_inversion_regions[1].base_auc,base_auc,0.03563474387527843
experiments\20260519_153956_phase6_lambdarank\summary.json,top_inversion_regions[2].base_auc,base_auc,0.03404255319148941
experiments\20260519_160100_phase6_xgbrank\summary.json,top_inversion_regions[2].base_auc,base_auc,0.03404255319148941
experiments\20260520_143243_catboost_diversity_smoke\meta_seed00_stratified_rs0p1_bt0p0_rsm1p0.json,subgroup.Stint_std_auc,Stint_std_auc,0.025679472545144386
experiments\20260520_143243_catboost_diversity_smoke\summary.json,models[0].subgroup.Stint_std_auc,Stint_std_auc,0.025679472545144386
experiments\20260520_143243_catboost_diversity_smoke\summary.json,models[0].subgroup.Year_std_auc,Year_std_auc,0.005751377772481659
experiments\20260520_143243_catboost_diversity_smoke\meta_seed00_stratified_rs0p1_bt0p0_rsm1p0.json,subgroup.Year_std_auc,Year_std_auc,0.005751377772481659
experiments\20260519_160100_phase6_xgbrank\summary.json,top_inversion_regions[0].base_auc,base_auc,0.00540540540540535
experiments\20260519_153956_phase6_lambdarank\summary.json,top_inversion_regions[0].base_auc,base_auc,0.00540540540540535
